"name","HP","MP","strength","defense","cowardice","hits","blocks","mBlocks","accuracy","evade","mEvade","race","resist","absorb","weak","attackList","attackEffect"
"LegEater",6,0,4,0,180,1,0,1,60,0,50,"[Earth]","[Mind,Body]","[]","[]","['name':'Attack','level':0,'accuracy':0,'mpConsumption':0},{'name':'Attack','level':0,'accuracy':0,'mpConsumption':0},{'name':'Attack','level':0,'accuracy':0,'mpConsumption':0},{'name':'Attack','level':0,'accuracy':0,'mpConsumption':0},{'name':'Attack','level':0,'accuracy':0,'mpConsumption':0},{'name':'Attack','level':0,'accuracy':0,'mpConsumption':0},{'name':'Attack','level':0,'accuracy':0,'mpConsumption':0},{'name':'Attack','level':0,'accuracy':0,'mpConsumption':0}]","[]"
"VmpThorn",20,0,4,0,150,1,0,1,60,0,50,"[Earth]","[Mind,Body]","[]","[]","['name':'Attack','level':0,'accuracy':0,'mpConsumption':0},{'name':'Attack','level':0,'accuracy':0,'mpConsumption':0},{'name':'Attack','level':0,'accuracy':0,'mpConsumption':0},{'name':'Attack','level':0,'accuracy':0,'mpConsumption':0},{'name':'Attack','level':0,'accuracy':0,'mpConsumption':0},{'name':'Attack','level':0,'accuracy':0,'mpConsumption':0},{'name':'Attack','level':0,'accuracy':0,'mpConsumption':0},{'name':'Attack','level':0,'accuracy':0,'mpConsumption':0}]","[Poison]"
"Hornet",6,0,4,0,180,1,1,1,50,10,50,"[Air]","[]","[]","[]","['name':'Attack','level':0,'accuracy':0,'mpConsumption':0},{'name':'Attack','level':0,'accuracy':0,'mpConsumption':0},{'name':'Attack','level':0,'accuracy':0,'mpConsumption':0},{'name':'Attack','level':0,'accuracy':0,'mpConsumption':0},{'name':'Attack','level':0,'accuracy':0,'mpConsumption':0},{'name':'Attack','level':0,'accuracy':0,'mpConsumption':0},{'name':'Attack','level':0,'accuracy':0,'mpConsumption':0},{'name':'Attack','level':0,'accuracy':0,'mpConsumption':0}]","[Poison]"
"QueenBee",30,0,9,4,150,1,1,1,50,10,50,"[Air]","[]","[]","[]","['name':'Attack','level':0,'accuracy':0,'mpConsumption':0},{'name':'Attack','level':0,'accuracy':0,'mpConsumption':0},{'name':'Attack','level':0,'accuracy':0,'mpConsumption':0},{'name':'Attack','level':0,'accuracy':0,'mpConsumption':0},{'name':'Attack','level':0,'accuracy':0,'mpConsumption':0},{'name':'Attack','level':0,'accuracy':0,'mpConsumption':0},{'name':'Attack','level':0,'accuracy':0,'mpConsumption':0},{'name':'Attack','level':0,'accuracy':0,'mpConsumption':0}]","[Envenom]"
"Snowman",45,0,9,4,150,1,1,2,60,20,40,"[]","[]","[Ice]","[Fire]","['name':'Attack','level':0,'accuracy':0,'mpConsumption':0},{'name':'Attack','level':0,'accuracy':0,'mpConsumption':0},{'name':'Attack','level':0,'accuracy':0,'mpConsumption':0},{'name':'Attack','level':0,'accuracy':0,'mpConsumption':0},{'name':'Attack','level':0,'accuracy':0,'mpConsumption':0},{'name':'Attack','level':0,'accuracy':0,'mpConsumption':0},{'name':'Attack','level':0,'accuracy':0,'mpConsumption':0},{'name':'Attack','level':0,'accuracy':0,'mpConsumption':0}]","[]"
"Yeti",20,0,4,0,150,1,1,1,50,10,50,"[]","[]","[]","[]","['name':'Attack','level':0,'accuracy':0,'mpConsumption':0},{'name':'Attack','level':0,'accuracy':0,'mpConsumption':0},{'name':'Attack','level':0,'accuracy':0,'mpConsumption':0},{'name':'Attack','level':0,'accuracy':0,'mpConsumption':0},{'name':'Attack','level':0,'accuracy':0,'mpConsumption':0},{'name':'Attack','level':0,'accuracy':0,'mpConsumption':0},{'name':'Attack','level':0,'accuracy':0,'mpConsumption':0},{'name':'Attack','level':0,'accuracy':0,'mpConsumption':0}]","[]"
"Icicle",60,0,17,17,150,1,0,2,60,0,40,"[]","[Mind]","[Ice]","[Fire]","['name':'Attack','level':0,'accuracy':0,'mpConsumption':0},{'name':'Attack','level':0,'accuracy':0,'mpConsumption':0},{'name':'Attack','level':0,'accuracy':0,'mpConsumption':0},{'name':'Attack','level':0,'accuracy':0,'mpConsumption':0},{'name':'Attack','level':0,'accuracy':0,'mpConsumption':0},{'name':'Attack','level':0,'accuracy':0,'mpConsumption':0},{'name':'Attack','level':0,'accuracy':0,'mpConsumption':0},{'name':'Attack','level':0,'accuracy':0,'mpConsumption':0}]","[]"
"Stlctite",240,0,35,35,100,2,1,3,70,30,40,"[]","[Mind]","[]","[Poison]","['name':'Attack','level':0,'accuracy':0,'mpConsumption':0},{'name':'Attack','level':0,'accuracy':0,'mpConsumption':0},{'name':'Attack','level':0,'accuracy':0,'mpConsumption':0},{'name':'Attack','level':0,'accuracy':0,'mpConsumption':0},{'name':'Attack','level':0,'accuracy':0,'mpConsumption':0},{'name':'Attack','level':0,'accuracy':0,'mpConsumption':0},{'name':'Attack','level':0,'accuracy':0,'mpConsumption':0},{'name':'Attack','level':0,'accuracy':0,'mpConsumption':0}]","[]"
"Column",240,0,40,40,70,3,1,3,70,30,40,"[]","[Mind]","[]","[]","['name':'Attack','level':0,'accuracy':0,'mpConsumption':0},{'name':'Attack','level':0,'accuracy':0,'mpConsumption':0},{'name':'Attack','level':0,'accuracy':0,'mpConsumption':0},{'name':'Attack','level':0,'accuracy':0,'mpConsumption':0},{'name':'Attack','level':0,'accuracy':0,'mpConsumption':0},{'name':'Attack','level':0,'accuracy':0,'mpConsumption':0},{'name':'Attack','level':0,'accuracy':0,'mpConsumption':0},{'name':'Attack','level':0,'accuracy':0,'mpConsumption':0}]","[]"
"Sprinter",30,0,9,0,150,1,1,1,50,40,50,"[]","[]","[]","[]","['name':'Attack','level':0,'accuracy':0,'mpConsumption':0},{'name':'Attack','level':0,'accuracy':0,'mpConsumption':0},{'name':'Attack','level':0,'accuracy':0,'mpConsumption':0},{'name':'Attack','level':0,'accuracy':0,'mpConsumption':0},{'name':'Attack','level':0,'accuracy':0,'mpConsumption':0},{'name':'Attack','level':0,'accuracy':0,'mpConsumption':0},{'name':'Attack','level':0,'accuracy':0,'mpConsumption':0},{'name':'Attack','level':0,'accuracy':0,'mpConsumption':0}]","[]"
"BigBird",140,0,35,25,120,2,1,2,65,30,50,"[]","[]","[]","[]","['name':'Attack','level':0,'accuracy':0,'mpConsumption':0},{'name':'Attack','level':0,'accuracy':0,'mpConsumption':0},{'name':'Attack','level':0,'accuracy':0,'mpConsumption':0},{'name':'Attack','level':0,'accuracy':0,'mpConsumption':0},{'name':'Attack','level':0,'accuracy':0,'mpConsumption':0},{'name':'Attack','level':0,'accuracy':0,'mpConsumption':0},{'name':'Attack','level':0,'accuracy':0,'mpConsumption':0},{'name':'Attack','level':0,'accuracy':0,'mpConsumption':0}]","[]"
"Adamanti",450,0,50,60,100,2,0,1,75,0,50,"[Earth,Dragon]","[Lightning,Poison]","[]","[Ice]","['name':'Attack','level':0,'accuracy':0,'mpConsumption':0},{'name':'Attack','level':0,'accuracy':0,'mpConsumption':0},{'name':'Attack','level':0,'accuracy':0,'mpConsumption':0},{'name':'Attack','level':0,'accuracy':0,'mpConsumption':0},{'name':'Attack','level':0,'accuracy':0,'mpConsumption':0},{'name':'Attack','level':0,'accuracy':0,'mpConsumption':0},{'name':'Attack','level':0,'accuracy':0,'mpConsumption':0},{'name':'Attack','level':0,'accuracy':0,'mpConsumption':0}]","[]"
"LandTurt",140,0,35,35,120,2,0,2,65,0,50,"[Earth,Dragon]","[Lightning,Poison]","[]","[Ice]","['name':'Attack','level':0,'accuracy':0,'mpConsumption':0},{'name':'Attack','level':0,'accuracy':0,'mpConsumption':0},{'name':'Attack','level':0,'accuracy':0,'mpConsumption':0},{'name':'Attack','level':0,'accuracy':0,'mpConsumption':0},{'name':'Attack','level':0,'accuracy':0,'mpConsumption':0},{'name':'Attack','level':0,'accuracy':0,'mpConsumption':0},{'name':'Attack','level':0,'accuracy':0,'mpConsumption':0},{'name':'Attack','level':0,'accuracy':0,'mpConsumption':0}]","[]"
"Ogre",100,0,25,17,120,1,1,2,65,20,50,"[Giant]","[]","[]","[]","['name':'Attack','level':0,'accuracy':0,'mpConsumption':0},{'name':'Attack','level':0,'accuracy':0,'mpConsumption':0},{'name':'Attack','level':0,'accuracy':0,'mpConsumption':0},{'name':'Attack','level':0,'accuracy':0,'mpConsumption':0},{'name':'Attack','level':0,'accuracy':0,'mpConsumption':0},{'name':'Attack','level':0,'accuracy':0,'mpConsumption':0},{'name':'Attack','level':0,'accuracy':0,'mpConsumption':0},{'name':'Attack','level':0,'accuracy':0,'mpConsumption':0}]","[]"
"WzOgre",140,30,25,17,120,2,1,3,65,40,40,"[Giant,Magic]","[]","[]","[]","['name':'ICE 5','level':0,'accuracy':0,'mpConsumption':0},{'name':'ICE 5','level':0,'accuracy':0,'mpConsumption':0},{'name':'ICE 5','level':0,'accuracy':0,'mpConsumption':0},{'name':'BLNK 3','level':0,'accuracy':0,'mpConsumption':0},{'name':'BLND 4','level':0,'accuracy':0,'mpConsumption':0},{'name':'SLEP 4','level':0,'accuracy':0,'mpConsumption':0},{'name':'ICE 5','level':0,'accuracy':0,'mpConsumption':0},{'name':'ICE 5','level':0,'accuracy':0,'mpConsumption':0}]","[]"
"GrOgre",300,0,40,35,100,3,1,3,70,40,40,"[Giant]","[]","[]","[]","['name':'Attack','level':0,'accuracy':0,'mpConsumption':0},{'name':'Attack','level':0,'accuracy':0,'mpConsumption':0},{'name':'Attack','level':0,'accuracy':0,'mpConsumption':0},{'name':'Attack','level':0,'accuracy':0,'mpConsumption':0},{'name':'Attack','level':0,'accuracy':0,'mpConsumption':0},{'name':'Attack','level':0,'accuracy':0,'mpConsumption':0},{'name':'Attack','level':0,'accuracy':0,'mpConsumption':0},{'name':'Attack','level':0,'accuracy':0,'mpConsumption':0}]","[]"
"DualHead",80,0,25,17,150,2,1,2,50,20,50,"[Giant]","[Mind]","[]","[Body]","['name':'Attack','level':0,'accuracy':0,'mpConsumption':0},{'name':'Attack','level':0,'accuracy':0,'mpConsumption':0},{'name':'Attack','level':0,'accuracy':0,'mpConsumption':0},{'name':'Attack','level':0,'accuracy':0,'mpConsumption':0},{'name':'Attack','level':0,'accuracy':0,'mpConsumption':0},{'name':'Attack','level':0,'accuracy':0,'mpConsumption':0},{'name':'Attack','level':0,'accuracy':0,'mpConsumption':0},{'name':'Attack','level':0,'accuracy':0,'mpConsumption':0}]","[]"
"DualZomb",300,0,40,25,100,5,1,3,65,50,50,"[Undead]","[Mind,Body,Ice]","[Death]","[Fire]","['name':'Attack','level':0,'accuracy':0,'mpConsumption':0},{'name':'Attack','level':0,'accuracy':0,'mpConsumption':0},{'name':'Attack','level':0,'accuracy':0,'mpConsumption':0},{'name':'Attack','level':0,'accuracy':0,'mpConsumption':0},{'name':'Attack','level':0,'accuracy':0,'mpConsumption':0},{'name':'Attack','level':0,'accuracy':0,'mpConsumption':0},{'name':'Attack','level':0,'accuracy':0,'mpConsumption':0},{'name':'Attack','level':0,'accuracy':0,'mpConsumption':0}]","[]"
"Wererat",60,0,17,4,120,1,2,2,60,20,40,"[]","[Death,Body]","[]","[]","['name':'Attack','level':0,'accuracy':0,'mpConsumption':0},{'name':'Attack','level':0,'accuracy':0,'mpConsumption':0},{'name':'Attack','level':0,'accuracy':0,'mpConsumption':0},{'name':'Attack','level':0,'accuracy':0,'mpConsumption':0},{'name':'Attack','level':0,'accuracy':0,'mpConsumption':0},{'name':'Attack','level':0,'accuracy':0,'mpConsumption':0},{'name':'Attack','level':0,'accuracy':0,'mpConsumption':0},{'name':'Attack','level':0,'accuracy':0,'mpConsumption':0}]","[Envenom]"
"Stunner",100,0,17,17,120,2,1,2,65,30,50,"[Were]","[]","[]","[]","['name':'Attack','level':0,'accuracy':0,'mpConsumption':0},{'name':'Attack','level':0,'accuracy':0,'mpConsumption':0},{'name':'Attack','level':0,'accuracy':0,'mpConsumption':0},{'name':'Attack','level':0,'accuracy':0,'mpConsumption':0},{'name':'Attack','level':0,'accuracy':0,'mpConsumption':0},{'name':'Attack','level':0,'accuracy':0,'mpConsumption':0},{'name':'Attack','level':0,'accuracy':0,'mpConsumption':0},{'name':'Attack','level':0,'accuracy':0,'mpConsumption':0}]","[Paralysis]"
"DeadHead",45,0,17,9,150,1,1,2,60,20,40,"[Undead]","[Mind,Body,Ice]","[Death]","[Fire]","['name':'Attack','level':0,'accuracy':0,'mpConsumption':0},{'name':'Attack','level':0,'accuracy':0,'mpConsumption':0},{'name':'Attack','level':0,'accuracy':0,'mpConsumption':0},{'name':'Attack','level':0,'accuracy':0,'mpConsumption':0},{'name':'Attack','level':0,'accuracy':0,'mpConsumption':0},{'name':'Attack','level':0,'accuracy':0,'mpConsumption':0},{'name':'Attack','level':0,'accuracy':0,'mpConsumption':0},{'name':'Attack','level':0,'accuracy':0,'mpConsumption':0}]","[]"
"Skull",640,300,50,40,17,6,1,4,75,65,40,"[Air,Magic,Undead]","[Mind,Body,Ice]","[Death]","[Fire]","['name':'ICE 12','level':0,'accuracy':0,'mpConsumption':0},{'name':'ICE 12','level':0,'accuracy':0,'mpConsumption':0},{'name':'ICE 12','level':0,'accuracy':0,'mpConsumption':0},{'name':'STON 16','level':0,'accuracy':0,'mpConsumption':0},{'name':'STON 16','level':0,'accuracy':0,'mpConsumption':0},{'name':'STON 16','level':0,'accuracy':0,'mpConsumption':0},{'name':'TOAD 10','level':0,'accuracy':0,'mpConsumption':0},{'name':'TOAD 10','level':0,'accuracy':0,'mpConsumption':0}]","[Drain HP]"
"Zombie",30,0,17,0,150,1,0,1,60,0,50,"[Undead]","[Mind,Body,Ice]","[Death]","[Fire]","['name':'Attack','level':0,'accuracy':0,'mpConsumption':0},{'name':'Attack','level':0,'accuracy':0,'mpConsumption':0},{'name':'Attack','level':0,'accuracy':0,'mpConsumption':0},{'name':'Attack','level':0,'accuracy':0,'mpConsumption':0},{'name':'Attack','level':0,'accuracy':0,'mpConsumption':0},{'name':'Attack','level':0,'accuracy':0,'mpConsumption':0},{'name':'Attack','level':0,'accuracy':0,'mpConsumption':0},{'name':'Attack','level':0,'accuracy':0,'mpConsumption':0}]","[]"
"Ghoul",60,0,17,4,150,1,1,2,60,20,40,"[Undead]","[Mind,Body,Ice]","[Death]","[Fire]","['name':'Attack','level':0,'accuracy':0,'mpConsumption':0},{'name':'Attack','level':0,'accuracy':0,'mpConsumption':0},{'name':'Attack','level':0,'accuracy':0,'mpConsumption':0},{'name':'Attack','level':0,'accuracy':0,'mpConsumption':0},{'name':'Attack','level':0,'accuracy':0,'mpConsumption':0},{'name':'Attack','level':0,'accuracy':0,'mpConsumption':0},{'name':'Attack','level':0,'accuracy':0,'mpConsumption':0},{'name':'Attack','level':0,'accuracy':0,'mpConsumption':0}]","[Paralysis]"
"Ghast",100,30,25,9,120,2,1,2,60,30,50,"[Undead]","[Mind,Body,Ice]","[Death]","[Fire]","['name':'BLND 4','level':0,'accuracy':0,'mpConsumption':0},{'name':'Attack','level':0,'accuracy':0,'mpConsumption':0},{'name':'Attack','level':0,'accuracy':0,'mpConsumption':0},{'name':'Attack','level':0,'accuracy':0,'mpConsumption':0},{'name':'Attack','level':0,'accuracy':0,'mpConsumption':0},{'name':'Attack','level':0,'accuracy':0,'mpConsumption':0},{'name':'Attack','level':0,'accuracy':0,'mpConsumption':0},{'name':'Attack','level':0,'accuracy':0,'mpConsumption':0}]","[Paralysis]"
"Revenant",240,0,40,25,100,3,1,3,70,40,40,"[Undead]","[Mind,Body,Ice]","[Death]","[Fire]","['name':'Attack','level':0,'accuracy':0,'mpConsumption':0},{'name':'Attack','level':0,'accuracy':0,'mpConsumption':0},{'name':'Attack','level':0,'accuracy':0,'mpConsumption':0},{'name':'Attack','level':0,'accuracy':0,'mpConsumption':0},{'name':'Attack','level':0,'accuracy':0,'mpConsumption':0},{'name':'Attack','level':0,'accuracy':0,'mpConsumption':0},{'name':'Attack','level':0,'accuracy':0,'mpConsumption':0},{'name':'Attack','level':0,'accuracy':0,'mpConsumption':0}]","[Drain HP]"
"Shadow",45,0,17,9,150,1,1,2,60,20,40,"[Undead]","[Dimension,Mind,Lightning,Death,Body]","[Death]","[Fire]","['name':'Attack','level':0,'accuracy':0,'mpConsumption':0},{'name':'Attack','level':0,'accuracy':0,'mpConsumption':0},{'name':'Attack','level':0,'accuracy':0,'mpConsumption':0},{'name':'Attack','level':0,'accuracy':0,'mpConsumption':0},{'name':'Attack','level':0,'accuracy':0,'mpConsumption':0},{'name':'Attack','level':0,'accuracy':0,'mpConsumption':0},{'name':'Attack','level':0,'accuracy':0,'mpConsumption':0},{'name':'Attack','level':0,'accuracy':0,'mpConsumption':0}]","[Blind]"
"Wraith",60,0,9,9,120,1,2,2,65,20,50,"[Air,Earth,Undead]","[Dimension,Mind,Death,Poison,Body,Ice]","[Death]","[Fire]","['name':'Attack','level':0,'accuracy':0,'mpConsumption':0},{'name':'Attack','level':0,'accuracy':0,'mpConsumption':0},{'name':'Attack','level':0,'accuracy':0,'mpConsumption':0},{'name':'Attack','level':0,'accuracy':0,'mpConsumption':0},{'name':'Attack','level':0,'accuracy':0,'mpConsumption':0},{'name':'Attack','level':0,'accuracy':0,'mpConsumption':0},{'name':'Attack','level':0,'accuracy':0,'mpConsumption':0},{'name':'Attack','level':0,'accuracy':0,'mpConsumption':0}]","[Drain HP]"
"Spectre",300,100,25,25,85,3,1,3,75,40,50,"[Air,Earth,Magic,Undead]","[Dimension,Mind,Death,Poison,Body,Ice]","[Death]","[Fire]","['name':'Attack','level':0,'accuracy':0,'mpConsumption':0},{'name':'Attack','level':0,'accuracy':0,'mpConsumption':0},{'name':'Attack','level':0,'accuracy':0,'mpConsumption':0},{'name':'Attack','level':0,'accuracy':0,'mpConsumption':0},{'name':'SLEP 6','level':0,'accuracy':0,'mpConsumption':0},{'name':'ICE 8','level':0,'accuracy':0,'mpConsumption':0},{'name':'Attack','level':0,'accuracy':0,'mpConsumption':0},{'name':'BRAK 6','level':0,'accuracy':0,'mpConsumption':0}]","[Drain HP]"
"Ghost",540,140,35,35,70,5,1,3,75,60,50,"[Air,Earth,Magic,Undead]","[Dimension,Mind,Death,Poison,Body,Ice]","[Death]","[Fire]","['name':'Attack','level':0,'accuracy':0,'mpConsumption':0},{'name':'Attack','level':0,'accuracy':0,'mpConsumption':0},{'name':'Attack','level':0,'accuracy':0,'mpConsumption':0},{'name':'CURS 8','level':0,'accuracy':0,'mpConsumption':0},{'name':'STON 16','level':0,'accuracy':0,'mpConsumption':0},{'name':'AERO 16','level':0,'accuracy':0,'mpConsumption':0},{'name':'Attack','level':0,'accuracy':0,'mpConsumption':0},{'name':'MINI 7','level':0,'accuracy':0,'mpConsumption':0}]","[Drain HP]"
"Antlion",370,0,50,40,85,3,1,3,75,50,50,"[Earth]","[Fire,Lightning]","[]","[Poison,Ice]","['name':'Attack','level':0,'accuracy':0,'mpConsumption':0},{'name':'Attack','level':0,'accuracy':0,'mpConsumption':0},{'name':'Attack','level':0,'accuracy':0,'mpConsumption':0},{'name':'Attack','level':0,'accuracy':0,'mpConsumption':0},{'name':'Attack','level':0,'accuracy':0,'mpConsumption':0},{'name':'Attack','level':0,'accuracy':0,'mpConsumption':0},{'name':'Attack','level':0,'accuracy':0,'mpConsumption':0},{'name':'Attack','level':0,'accuracy':0,'mpConsumption':0}]","[Paralysis]"
"Blade",870,0,70,60,25,6,1,4,80,70,40,"[Air]","[]","[]","[]","['name':'Attack','level':0,'accuracy':0,'mpConsumption':0},{'name':'Attack','level':0,'accuracy':0,'mpConsumption':0},{'name':'Attack','level':0,'accuracy':0,'mpConsumption':0},{'name':'Attack','level':0,'accuracy':0,'mpConsumption':0},{'name':'Attack','level':0,'accuracy':0,'mpConsumption':0},{'name':'Attack','level':0,'accuracy':0,'mpConsumption':0},{'name':'Attack','level':0,'accuracy':0,'mpConsumption':0},{'name':'Attack','level':0,'accuracy':0,'mpConsumption':0}]","[]"
"Gotus_1",2000,80,70,60,50,6,1,5,85,65,40,"[]","[]","[]","[]","['name':'Attack','level':0,'accuracy':0,'mpConsumption':0},{'name':'Attack','level':0,'accuracy':0,'mpConsumption':0},{'name':'Attack','level':0,'accuracy':0,'mpConsumption':0},{'name':'Attack','level':0,'accuracy':0,'mpConsumption':0},{'name':'Attack','level':0,'accuracy':0,'mpConsumption':0},{'name':'Drink 6','level':0,'accuracy':0,'mpConsumption':0},{'name':'HAST 6','level':0,'accuracy':0,'mpConsumption':0},{'name':'HAST 6','level':0,'accuracy':0,'mpConsumption':0}]","[]"
"BstDemon",1000,140,70,60,0,6,1,6,80,75,60,"[Magic]","[Fire,Lightning,Ice]","[]","[]","['name':'STOP 8','level':0,'accuracy':0,'mpConsumption':0},{'name':'DSPL 8','level':0,'accuracy':0,'mpConsumption':0},{'name':'Attack','level':0,'accuracy':0,'mpConsumption':0},{'name':'FOG 6','level':0,'accuracy':0,'mpConsumption':0},{'name':'BOLT 10','level':0,'accuracy':0,'mpConsumption':0},{'name':'Attack','level':0,'accuracy':0,'mpConsumption':0},{'name':'FOG 6','level':0,'accuracy':0,'mpConsumption':0},{'name':'BOLT 10','level':0,'accuracy':0,'mpConsumption':0}]","[Envenom]"
"Chimera",640,80,60,50,85,4,1,3,75,50,50,"[Air,Dragon]","[]","[]","[]","['name':'FIRE 7','level':0,'accuracy':0,'mpConsumption':0},{'name':'Attack','level':0,'accuracy':0,'mpConsumption':0},{'name':'Attack','level':0,'accuracy':0,'mpConsumption':0},{'name':'FIRE 7','level':0,'accuracy':0,'mpConsumption':0},{'name':'Attack','level':0,'accuracy':0,'mpConsumption':0},{'name':'Attack','level':0,'accuracy':0,'mpConsumption':0},{'name':'FIRE 7','level':0,'accuracy':0,'mpConsumption':0},{'name':'Attack','level':0,'accuracy':0,'mpConsumption':0}]","[]"
"Gchimera",750,140,60,50,60,5,1,4,80,60,40,"[Air,Dragon]","[]","[]","[]","['name':'FIRE 7','level':0,'accuracy':0,'mpConsumption':0},{'name':'Attack','level':0,'accuracy':0,'mpConsumption':0},{'name':'Attack','level':0,'accuracy':0,'mpConsumption':0},{'name':'FIRE 7','level':0,'accuracy':0,'mpConsumption':0},{'name':'Attack','level':0,'accuracy':0,'mpConsumption':0},{'name':'Breath 6','level':0,'accuracy':0,'mpConsumption':0},{'name':'FIRE 7','level':0,'accuracy':0,'mpConsumption':0},{'name':'Breath 6','level':0,'accuracy':0,'mpConsumption':0}]","[]"
"Sphinx",1140,370,85,70,0,6,1,5,85,70,40,"[Air,Dragon]","[]","[]","[]","['name':'FIRE 16','level':0,'accuracy':0,'mpConsumption':0},{'name':'Attack','level':0,'accuracy':0,'mpConsumption':0},{'name':'Attack','level':0,'accuracy':0,'mpConsumption':0},{'name':'FIRE 16','level':0,'accuracy':0,'mpConsumption':0},{'name':'Breath 10','level':0,'accuracy':0,'mpConsumption':0},{'name':'Breath 10','level':0,'accuracy':0,'mpConsumption':0},{'name':'FIRE 16','level':0,'accuracy':0,'mpConsumption':0},{'name':'DSPL 16','level':0,'accuracy':0,'mpConsumption':0}]","[]"
"Flower",540,0,40,40,85,4,0,3,80,0,50,"[]","[Mind,Body]","[]","[Fire,Ice]","['name':'Attack','level':0,'accuracy':0,'mpConsumption':0},{'name':'Attack','level':0,'accuracy':0,'mpConsumption':0},{'name':'Attack','level':0,'accuracy':0,'mpConsumption':0},{'name':'Attack','level':0,'accuracy':0,'mpConsumption':0},{'name':'Attack','level':0,'accuracy':0,'mpConsumption':0},{'name':'Attack','level':0,'accuracy':0,'mpConsumption':0},{'name':'Attack','level':0,'accuracy':0,'mpConsumption':0},{'name':'Attack','level':0,'accuracy':0,'mpConsumption':0}]","[Confusion]"
"DvFlower",1140,0,70,70,50,6,1,5,85,65,70,"[]","[Mind,Body,Ice]","[Death]","[Fire]","['name':'Attack','level':0,'accuracy':0,'mpConsumption':0},{'name':'Attack','level':0,'accuracy':0,'mpConsumption':0},{'name':'Attack','level':0,'accuracy':0,'mpConsumption':0},{'name':'Attack','level':0,'accuracy':0,'mpConsumption':0},{'name':'Attack','level':0,'accuracy':0,'mpConsumption':0},{'name':'Attack','level':0,'accuracy':0,'mpConsumption':0},{'name':'Attack','level':0,'accuracy':0,'mpConsumption':0},{'name':'Attack','level':0,'accuracy':0,'mpConsumption':0}]","[Poison,Confusion]"
"KilrFish",100,0,25,17,100,2,1,2,65,30,50,"[Water]","[Fire,Poison]","[]","[Lightning]","['name':'Attack','level':0,'accuracy':0,'mpConsumption':0},{'name':'Attack','level':0,'accuracy':0,'mpConsumption':0},{'name':'Attack','level':0,'accuracy':0,'mpConsumption':0},{'name':'Attack','level':0,'accuracy':0,'mpConsumption':0},{'name':'Attack','level':0,'accuracy':0,'mpConsumption':0},{'name':'Attack','level':0,'accuracy':0,'mpConsumption':0},{'name':'Attack','level':0,'accuracy':0,'mpConsumption':0},{'name':'Attack','level':0,'accuracy':0,'mpConsumption':0}]","[]"
"ElecFish",540,80,60,50,60,4,1,4,80,50,40,"[Water]","[Fire,Poison]","[Lightning]","[]","['name':'BOLT 8','level':0,'accuracy':0,'mpConsumption':0},{'name':'Attack','level':0,'accuracy':0,'mpConsumption':0},{'name':'Attack','level':0,'accuracy':0,'mpConsumption':0},{'name':'BOLT 8','level':0,'accuracy':0,'mpConsumption':0},{'name':'Attack','level':0,'accuracy':0,'mpConsumption':0},{'name':'Attack','level':0,'accuracy':0,'mpConsumption':0},{'name':'BOLT 8','level':0,'accuracy':0,'mpConsumption':0},{'name':'Attack','level':0,'accuracy':0,'mpConsumption':0}]","[]"
"Eagle",140,0,35,17,120,2,1,2,65,50,50,"[Air]","[]","[]","[]","['name':'Attack','level':0,'accuracy':0,'mpConsumption':0},{'name':'Attack','level':0,'accuracy':0,'mpConsumption':0},{'name':'Attack','level':0,'accuracy':0,'mpConsumption':0},{'name':'Attack','level':0,'accuracy':0,'mpConsumption':0},{'name':'Attack','level':0,'accuracy':0,'mpConsumption':0},{'name':'Attack','level':0,'accuracy':0,'mpConsumption':0},{'name':'Attack','level':0,'accuracy':0,'mpConsumption':0},{'name':'Attack','level':0,'accuracy':0,'mpConsumption':0}]","[]"
"Coctrice",370,0,35,40,70,4,1,3,70,50,50,"[Air]","[]","[]","[]","['name':'Attack','level':0,'accuracy':0,'mpConsumption':0},{'name':'Attack','level':0,'accuracy':0,'mpConsumption':0},{'name':'Attack','level':0,'accuracy':0,'mpConsumption':0},{'name':'Attack','level':0,'accuracy':0,'mpConsumption':0},{'name':'Attack','level':0,'accuracy':0,'mpConsumption':0},{'name':'Attack','level':0,'accuracy':0,'mpConsumption':0},{'name':'Attack','level':0,'accuracy':0,'mpConsumption':0},{'name':'Attack','level':0,'accuracy':0,'mpConsumption':0}]","[Petrify]"
"Pirate",45,0,17,4,100,1,1,2,60,30,40,"[]","[]","[]","[]","['name':'Attack','level':0,'accuracy':0,'mpConsumption':0},{'name':'Attack','level':0,'accuracy':0,'mpConsumption':0},{'name':'Attack','level':0,'accuracy':0,'mpConsumption':0},{'name':'Attack','level':0,'accuracy':0,'mpConsumption':0},{'name':'Attack','level':0,'accuracy':0,'mpConsumption':0},{'name':'Attack','level':0,'accuracy':0,'mpConsumption':0},{'name':'Attack','level':0,'accuracy':0,'mpConsumption':0},{'name':'Attack','level':0,'accuracy':0,'mpConsumption':0}]","[]"
"Bucaneer",80,0,25,17,100,2,1,2,65,40,50,"[]","[]","[]","[]","['name':'Attack','level':0,'accuracy':0,'mpConsumption':0},{'name':'Attack','level':0,'accuracy':0,'mpConsumption':0},{'name':'Attack','level':0,'accuracy':0,'mpConsumption':0},{'name':'Attack','level':0,'accuracy':0,'mpConsumption':0},{'name':'Attack','level':0,'accuracy':0,'mpConsumption':0},{'name':'Attack','level':0,'accuracy':0,'mpConsumption':0},{'name':'Attack','level':0,'accuracy':0,'mpConsumption':0},{'name':'Attack','level':0,'accuracy':0,'mpConsumption':0}]","[]"
"Borgan",240,20,25,17,0,1,1,3,75,40,50,"[]","[]","[]","[]","['name':'Attack','level':0,'accuracy':0,'mpConsumption':0},{'name':'Attack','level':0,'accuracy':0,'mpConsumption':0},{'name':'Attack','level':0,'accuracy':0,'mpConsumption':0},{'name':'CURE 3','level':0,'accuracy':0,'mpConsumption':0},{'name':'CURE 3','level':0,'accuracy':0,'mpConsumption':0},{'name':'CURE 3','level':0,'accuracy':0,'mpConsumption':0},{'name':'Attack','level':0,'accuracy':0,'mpConsumption':0},{'name':'Attack','level':0,'accuracy':0,'mpConsumption':0}]","[]"
"Z.Borgan",2500,370,120,120,0,6,1,10,95,60,100,"[Undead]","[Mind,Body,Ice]","[Death]","[Fire]","['name':'FLAR 16','level':0,'accuracy':0,'mpConsumption':0},{'name':'FLAR 16','level':0,'accuracy':0,'mpConsumption':0},{'name':'Attack','level':0,'accuracy':0,'mpConsumption':0},{'name':'Attack','level':0,'accuracy':0,'mpConsumption':0},{'name':'Attack','level':0,'accuracy':0,'mpConsumption':0},{'name':'Attack','level':0,'accuracy':0,'mpConsumption':0},{'name':'FLAR 16','level':0,'accuracy':0,'mpConsumption':0},{'name':'FLAR 16','level':0,'accuracy':0,'mpConsumption':0}]","[Paralysis]"
"BigHorn",1140,0,50,50,60,4,1,6,85,60,30,"[]","[]","[]","[]","['name':'Attack','level':0,'accuracy':0,'mpConsumption':0},{'name':'Attack','level':0,'accuracy':0,'mpConsumption':0},{'name':'Attack','level':0,'accuracy':0,'mpConsumption':0},{'name':'Attack','level':0,'accuracy':0,'mpConsumption':0},{'name':'Attack','level':0,'accuracy':0,'mpConsumption':0},{'name':'Attack','level':0,'accuracy':0,'mpConsumption':0},{'name':'Attack','level':0,'accuracy':0,'mpConsumption':0},{'name':'Attack','level':0,'accuracy':0,'mpConsumption':0}]","[]"
"Tusk",300,0,40,35,100,3,1,3,85,30,50,"[]","[]","[]","[]","['name':'Attack','level':0,'accuracy':0,'mpConsumption':0},{'name':'Attack','level':0,'accuracy':0,'mpConsumption':0},{'name':'Attack','level':0,'accuracy':0,'mpConsumption':0},{'name':'Attack','level':0,'accuracy':0,'mpConsumption':0},{'name':'Attack','level':0,'accuracy':0,'mpConsumption':0},{'name':'Attack','level':0,'accuracy':0,'mpConsumption':0},{'name':'Attack','level':0,'accuracy':0,'mpConsumption':0},{'name':'Attack','level':0,'accuracy':0,'mpConsumption':0}]","[]"
"G.Toad",300,0,35,35,100,3,1,3,70,30,50,"[]","[]","[]","[Ice]","['name':'Attack','level':0,'accuracy':0,'mpConsumption':0},{'name':'Attack','level':0,'accuracy':0,'mpConsumption':0},{'name':'Attack','level':0,'accuracy':0,'mpConsumption':0},{'name':'Attack','level':0,'accuracy':0,'mpConsumption':0},{'name':'Attack','level':0,'accuracy':0,'mpConsumption':0},{'name':'Attack','level':0,'accuracy':0,'mpConsumption':0},{'name':'Attack','level':0,'accuracy':0,'mpConsumption':0},{'name':'Attack','level':0,'accuracy':0,'mpConsumption':0}]","[Envenom]"
"P.Toad",450,0,40,40,100,4,1,3,75,50,50,"[]","[]","[]","[Ice]","['name':'Attack','level':0,'accuracy':0,'mpConsumption':0},{'name':'Attack','level':0,'accuracy':0,'mpConsumption':0},{'name':'Attack','level':0,'accuracy':0,'mpConsumption':0},{'name':'Attack','level':0,'accuracy':0,'mpConsumption':0},{'name':'Attack','level':0,'accuracy':0,'mpConsumption':0},{'name':'Attack','level':0,'accuracy':0,'mpConsumption':0},{'name':'Attack','level':0,'accuracy':0,'mpConsumption':0},{'name':'Attack','level':0,'accuracy':0,'mpConsumption':0}]","[Envenom]"
"SeaSnake",300,0,40,40,100,3,1,3,75,40,50,"[Water]","[Fire,Poison]","[]","[Lightning]","['name':'Attack','level':0,'accuracy':0,'mpConsumption':0},{'name':'Attack','level':0,'accuracy':0,'mpConsumption':0},{'name':'Attack','level':0,'accuracy':0,'mpConsumption':0},{'name':'Attack','level':0,'accuracy':0,'mpConsumption':0},{'name':'Attack','level':0,'accuracy':0,'mpConsumption':0},{'name':'Attack','level':0,'accuracy':0,'mpConsumption':0},{'name':'Attack','level':0,'accuracy':0,'mpConsumption':0},{'name':'Attack','level':0,'accuracy':0,'mpConsumption':0}]","[Envenom]"
"SeaDragn",870,80,70,60,60,5,1,4,80,60,40,"[Water]","[Fire,Poison]","[]","[Lightning]","['name':'Wave 8','level':0,'accuracy':0,'mpConsumption':0},{'name':'Attack','level':0,'accuracy':0,'mpConsumption':0},{'name':'Attack','level':0,'accuracy':0,'mpConsumption':0},{'name':'Attack','level':0,'accuracy':0,'mpConsumption':0},{'name':'Attack','level':0,'accuracy':0,'mpConsumption':0},{'name':'Attack','level':0,'accuracy':0,'mpConsumption':0},{'name':'Attack','level':0,'accuracy':0,'mpConsumption':0},{'name':'Wave 8','level':0,'accuracy':0,'mpConsumption':0}]","[]"
"Ray",450,0,40,40,85,4,1,3,75,50,50,"[Earth]","[]","[]","[]","['name':'Attack','level':0,'accuracy':0,'mpConsumption':0},{'name':'Attack','level':0,'accuracy':0,'mpConsumption':0},{'name':'Attack','level':0,'accuracy':0,'mpConsumption':0},{'name':'Attack','level':0,'accuracy':0,'mpConsumption':0},{'name':'Attack','level':0,'accuracy':0,'mpConsumption':0},{'name':'Attack','level':0,'accuracy':0,'mpConsumption':0},{'name':'Attack','level':0,'accuracy':0,'mpConsumption':0},{'name':'Attack','level':0,'accuracy':0,'mpConsumption':0}]","[Paralysis]"
"MantaRay",870,0,70,60,60,5,1,4,80,60,40,"[Water]","[Fire,Poison]","[]","[Lightning]","['name':'Attack','level':0,'accuracy':0,'mpConsumption':0},{'name':'Attack','level':0,'accuracy':0,'mpConsumption':0},{'name':'Attack','level':0,'accuracy':0,'mpConsumption':0},{'name':'Attack','level':0,'accuracy':0,'mpConsumption':0},{'name':'Attack','level':0,'accuracy':0,'mpConsumption':0},{'name':'Attack','level':0,'accuracy':0,'mpConsumption':0},{'name':'Attack','level':0,'accuracy':0,'mpConsumption':0},{'name':'Attack','level':0,'accuracy':0,'mpConsumption':0}]","[]"
"Flier",750,0,60,50,70,6,1,4,10,65,40,"[Air]","[]","[]","[]","['name':'Attack','level':0,'accuracy':0,'mpConsumption':0},{'name':'Attack','level':0,'accuracy':0,'mpConsumption':0},{'name':'Attack','level':0,'accuracy':0,'mpConsumption':0},{'name':'Attack','level':0,'accuracy':0,'mpConsumption':0},{'name':'Attack','level':0,'accuracy':0,'mpConsumption':0},{'name':'Attack','level':0,'accuracy':0,'mpConsumption':0},{'name':'Attack','level':0,'accuracy':0,'mpConsumption':0},{'name':'Attack','level':0,'accuracy':0,'mpConsumption':0}]","[]"
"Changer",140,80,35,25,100,2,1,3,70,50,40,"[Were]","[Death,Body]","[]","[Mind]","['name':'Attack','level':0,'accuracy':0,'mpConsumption':0},{'name':'Attack','level':0,'accuracy':0,'mpConsumption':0},{'name':'Attack','level':0,'accuracy':0,'mpConsumption':0},{'name':'CHNG 4','level':0,'accuracy':0,'mpConsumption':0},{'name':'CHNG 4','level':0,'accuracy':0,'mpConsumption':0},{'name':'CHNG 4','level':0,'accuracy':0,'mpConsumption':0},{'name':'Attack','level':0,'accuracy':0,'mpConsumption':0},{'name':'Attack','level':0,'accuracy':0,'mpConsumption':0}]","[]"
"Brain",240,100,40,35,85,4,1,3,75,60,50,"[Were]","[Death,Body]","[]","[Mind]","['name':'Attack','level':0,'accuracy':0,'mpConsumption':0},{'name':'Attack','level':0,'accuracy':0,'mpConsumption':0},{'name':'Attack','level':0,'accuracy':0,'mpConsumption':0},{'name':'CHNG 4','level':0,'accuracy':0,'mpConsumption':0},{'name':'CHNG 4','level':0,'accuracy':0,'mpConsumption':0},{'name':'CHNG 4','level':0,'accuracy':0,'mpConsumption':0},{'name':'FOG 6','level':0,'accuracy':0,'mpConsumption':0},{'name':'FOG 6','level':0,'accuracy':0,'mpConsumption':0}]","[]"
"Sucker",300,0,35,40,85,3,1,3,70,40,50,"[Air]","[Mind]","[]","[Ice]","['name':'Attack','level':0,'accuracy':0,'mpConsumption':0},{'name':'Attack','level':0,'accuracy':0,'mpConsumption':0},{'name':'Attack','level':0,'accuracy':0,'mpConsumption':0},{'name':'Attack','level':0,'accuracy':0,'mpConsumption':0},{'name':'Attack','level':0,'accuracy':0,'mpConsumption':0},{'name':'Attack','level':0,'accuracy':0,'mpConsumption':0},{'name':'Attack','level':0,'accuracy':0,'mpConsumption':0},{'name':'Attack','level':0,'accuracy':0,'mpConsumption':0}]","[Drain MP]"
"M.Sucker",750,300,40,50,4,6,1,4,75,65,40,"[Air]","[Mind]","[]","[Ice]","['name':'Attack','level':0,'accuracy':0,'mpConsumption':0},{'name':'Attack','level':0,'accuracy':0,'mpConsumption':0},{'name':'Attack','level':0,'accuracy':0,'mpConsumption':0},{'name':'DRAN 16','level':0,'accuracy':0,'mpConsumption':0},{'name':'DRAN 16','level':0,'accuracy':0,'mpConsumption':0},{'name':'ASPL 10','level':0,'accuracy':0,'mpConsumption':0},{'name':'ASPL 10','level':0,'accuracy':0,'mpConsumption':0}]","[Amnesia]"
"Werewolf",540,0,50,50,60,4,1,4,80,50,40,"[Were]","[Death,Body]","[]","[]","['name':'Attack','level':0,'accuracy':0,'mpConsumption':0},{'name':'Attack','level':0,'accuracy':0,'mpConsumption':0},{'name':'Attack','level':0,'accuracy':0,'mpConsumption':0},{'name':'Attack','level':0,'accuracy':0,'mpConsumption':0},{'name':'Attack','level':0,'accuracy':0,'mpConsumption':0},{'name':'Attack','level':0,'accuracy':0,'mpConsumption':0},{'name':'Attack','level':0,'accuracy':0,'mpConsumption':0},{'name':'Attack','level':0,'accuracy':0,'mpConsumption':0}]","[Envenom]"
"WolfDevl",870,300,70,50,0,8,1,6,80,75,60,"[Magic]","[]","[]","[]","['name':'FIRE 11','level':0,'accuracy':0,'mpConsumption':0},{'name':'Attack','level':0,'accuracy':0,'mpConsumption':0},{'name':'Attack','level':0,'accuracy':0,'mpConsumption':0},{'name':'FIRE 11','level':0,'accuracy':0,'mpConsumption':0},{'name':'CURS 8','level':0,'accuracy':0,'mpConsumption':0},{'name':'CURS 8','level':0,'accuracy':0,'mpConsumption':0},{'name':'CHRM 16','level':0,'accuracy':0,'mpConsumption':0},{'name':'XZON 9','level':0,'accuracy':0,'mpConsumption':0}]","[]"
"Imp",300,100,35,35,60,4,1,3,70,50,100,"[Air,Earth,Magic]","[Fire,Lightning,Ice]","[]","[]","['name':'Attack','level':0,'accuracy':0,'mpConsumption':0},{'name':'Attack','level':0,'accuracy':0,'mpConsumption':0},{'name':'Attack','level':0,'accuracy':0,'mpConsumption':0},{'name':'CHRM 16','level':0,'accuracy':0,'mpConsumption':0},{'name':'CHRM 16','level':0,'accuracy':0,'mpConsumption':0},{'name':'CHRM 16','level':0,'accuracy':0,'mpConsumption':0},{'name':'BLNK 8','level':0,'accuracy':0,'mpConsumption':0},{'name':'BLNK 8','level':0,'accuracy':0,'mpConsumption':0}]","[Envenom]"
"Fiend",750,300,60,50,9,8,1,6,80,65,60,"[Air,Earth,Magic]","[Ice]","[Fire]","[]","['name':'FIRE 16','level':0,'accuracy':0,'mpConsumption':0},{'name':'STON 16','level':0,'accuracy':0,'mpConsumption':0},{'name':'Attack','level':0,'accuracy':0,'mpConsumption':0},{'name':'FIRE 16','level':0,'accuracy':0,'mpConsumption':0},{'name':'STON 16','level':0,'accuracy':0,'mpConsumption':0},{'name':'Attack','level':0,'accuracy':0,'mpConsumption':0},{'name':'Attack','level':0,'accuracy':0,'mpConsumption':0},{'name':'Attack','level':0,'accuracy':0,'mpConsumption':0}]","[Blind]"
"Molbor",750,0,50,50,70,5,1,4,80,60,40,"[Water]","[Fire,Poison]","[]","[Lightning]","['name':'Attack','level':0,'accuracy':0,'mpConsumption':0},{'name':'Attack','level':0,'accuracy':0,'mpConsumption':0},{'name':'Attack','level':0,'accuracy':0,'mpConsumption':0},{'name':'Attack','level':0,'accuracy':0,'mpConsumption':0},{'name':'Attack','level':0,'accuracy':0,'mpConsumption':0},{'name':'Attack','level':0,'accuracy':0,'mpConsumption':0},{'name':'Attack','level':0,'accuracy':0,'mpConsumption':0},{'name':'Attack','level':0,'accuracy':0,'mpConsumption':0}]","[Paralysis]"
"L.Molbor",1000,0,60,60,50,7,1,6,80,65,30,"[Earth]","[Lightning,Poison]","[]","[]","['name':'Attack','level':0,'accuracy':0,'mpConsumption':0},{'name':'Attack','level':0,'accuracy':0,'mpConsumption':0},{'name':'Attack','level':0,'accuracy':0,'mpConsumption':0},{'name':'Attack','level':0,'accuracy':0,'mpConsumption':0},{'name':'Attack','level':0,'accuracy':0,'mpConsumption':0},{'name':'Attack','level':0,'accuracy':0,'mpConsumption':0},{'name':'Attack','level':0,'accuracy':0,'mpConsumption':0},{'name':'Attack','level':0,'accuracy':0,'mpConsumption':0}]","[Poison,Paralysis]"
"G.Molbor",1290,0,85,85,4,8,1,5,85,70,70,"[Earth]","[]","[]","[]","['name':'Attack','level':0,'accuracy':0,'mpConsumption':0},{'name':'Attack','level':0,'accuracy':0,'mpConsumption':0},{'name':'Attack','level':0,'accuracy':0,'mpConsumption':0},{'name':'Attack','level':0,'accuracy':0,'mpConsumption':0},{'name':'Attack','level':0,'accuracy':0,'mpConsumption':0},{'name':'Attack','level':0,'accuracy':0,'mpConsumption':0},{'name':'Attack','level':0,'accuracy':0,'mpConsumption':0},{'name':'Attack','level':0,'accuracy':0,'mpConsumption':0}]","[Poison,Sleep,Mute,Mini,Paralysis,Confusion]"
"Basilisk",750,140,70,50,50,6,1,6,80,65,30,"[Earth,Dragon]","[]","[]","[]","['name':'Glare 5','level':0,'accuracy':0,'mpConsumption':0},{'name':' Glare 5','level':0,'accuracy':0,'mpConsumption':0},{'name':' Glare 5','level':0,'accuracy':0,'mpConsumption':0},{'name':'Attack','level':0,'accuracy':0,'mpConsumption':0},{'name':'Attack','level':0,'accuracy':0,'mpConsumption':0},{'name':'Attack','level':0,'accuracy':0,'mpConsumption':0},{'name':'Attack','level':0,'accuracy':0,'mpConsumption':0},{'name':'Attack','level':0,'accuracy':0,'mpConsumption':0}]","[]"
"Salmandr",1290,300,100,85,4,8,1,5,85,70,70,"[Magic]","[]","[Fire]","[Ice]","['name':'FIRE 16','level':0,'accuracy':0,'mpConsumption':0},{'name':'Attack','level':0,'accuracy':0,'mpConsumption':0},{'name':'Attack','level':0,'accuracy':0,'mpConsumption':0},{'name':'FIRE 16','level':0,'accuracy':0,'mpConsumption':0},{'name':'Attack','level':0,'accuracy':0,'mpConsumption':0},{'name':'Attack','level':0,'accuracy':0,'mpConsumption':0},{'name':'Attack','level':0,'accuracy':0,'mpConsumption':0},{'name':'FIRE 16','level':0,'accuracy':0,'mpConsumption':0}]","[]"
"IceLiz",1000,190,85,70,50,7,1,6,85,65,30,"[Earth,Dragon]","[]","[Ice]","[Fire]","['name':'ICE 16','level':0,'accuracy':0,'mpConsumption':0},{'name':'Attack','level':0,'accuracy':0,'mpConsumption':0},{'name':'Attack','level':0,'accuracy':0,'mpConsumption':0},{'name':'ICE 16','level':0,'accuracy':0,'mpConsumption':0},{'name':'Attack','level':0,'accuracy':0,'mpConsumption':0},{'name':'Attack','level':0,'accuracy':0,'mpConsumption':0},{'name':'Attack','level':0,'accuracy':0,'mpConsumption':0},{'name':'ICE 16','level':0,'accuracy':0,'mpConsumption':0}]","[]"
"Amoeba",1140,0,100,60,35,6,0,6,75,0,30,"[Air,Earth]","[Dimension,Mind,Death,Body]","[Poison]","[]","['name':'Attack','level':0,'accuracy':0,'mpConsumption':0},{'name':'Attack','level':0,'accuracy':0,'mpConsumption':0},{'name':'Attack','level':0,'accuracy':0,'mpConsumption':0},{'name':'Attack','level':0,'accuracy':0,'mpConsumption':0},{'name':'Attack','level':0,'accuracy':0,'mpConsumption':0},{'name':'Attack','level':0,'accuracy':0,'mpConsumption':0},{'name':'Attack','level':0,'accuracy':0,'mpConsumption':0},{'name':'Attack','level':0,'accuracy':0,'mpConsumption':0}]","[Envenom]"
"100Eye",1140,300,85,70,4,7,1,5,85,70,70,"[Air,Earth]","[Dimension,Fire,Mind,Lightning,Death,Poison,Body,Ice]","[Poison]","[]","['name':'DRAN 16','level':0,'accuracy':0,'mpConsumption':0},{'name':'ASPL 10','level':0,'accuracy':0,'mpConsumption':0},{'name':'CHRM 16','level':0,'accuracy':0,'mpConsumption':0},{'name':'Glare 9','level':0,'accuracy':0,'mpConsumption':0},{'name':'SLOW 16','level':0,'accuracy':0,'mpConsumption':0},{'name':'STON 16','level':0,'accuracy':0,'mpConsumption':0},{'name':'DSLP 16','level':0,'accuracy':0,'mpConsumption':0},{'name':'XZON 9','level':0,'accuracy':0,'mpConsumption':0}]","[Death]"
"Worm",2000,0,120,100,0,6,1,4,95,10,50,"[Air,Earth,Magic]","[]","[]","[]","['name':'Attack','level':0,'accuracy':0,'mpConsumption':0},{'name':'Attack','level':0,'accuracy':0,'mpConsumption':0},{'name':'Attack','level':0,'accuracy':0,'mpConsumption':0},{'name':'Attack','level':0,'accuracy':0,'mpConsumption':0},{'name':'Attack','level':0,'accuracy':0,'mpConsumption':0},{'name':'Attack','level':0,'accuracy':0,'mpConsumption':0},{'name':'Attack','level':0,'accuracy':0,'mpConsumption':0},{'name':'Attack','level':0,'accuracy':0,'mpConsumption':0}]","[]"
"SandWorm",1290,190,100,40,17,7,1,6,85,70,30,"[Air,Earth]","[]","[]","[]","['name':'Quake 10','level':0,'accuracy':0,'mpConsumption':0},{'name':'Attack','level':0,'accuracy':0,'mpConsumption':0},{'name':'Quake 10','level':0,'accuracy':0,'mpConsumption':0},{'name':'Attack','level':0,'accuracy':0,'mpConsumption':0},{'name':'Attack','level':0,'accuracy':0,'mpConsumption':0},{'name':'Attack','level':0,'accuracy':0,'mpConsumption':0},{'name':'Attack','level':0,'accuracy':0,'mpConsumption':0},{'name':'Attack','level':0,'accuracy':0,'mpConsumption':0}]","[]"
"AbysWorm",1290,370,150,85,0,8,1,5,85,70,70,"[Air,Earth]","[Mind,Body]","[Fire,Death]","[]","['name':'Tnad 13','level':0,'accuracy':0,'mpConsumption':0},{'name':'Attack','level':0,'accuracy':0,'mpConsumption':0},{'name':'Tnad 13','level':0,'accuracy':0,'mpConsumption':0},{'name':'Attack','level':0,'accuracy':0,'mpConsumption':0},{'name':'Attack','level':0,'accuracy':0,'mpConsumption':0},{'name':'Attack','level':0,'accuracy':0,'mpConsumption':0},{'name':'Attack','level':0,'accuracy':0,'mpConsumption':0},{'name':'Attack','level':0,'accuracy':0,'mpConsumption':0}]","[]"
"Slime",10,4,4,210,150,1,0,1,50,0,50,"[Air,Earth]","[Dimension,Mind,Death,Body]","[Poison]","[Fire,Ice]","['name':'Attack','level':0,'accuracy':0,'mpConsumption':0},{'name':'Attack','level':0,'accuracy':0,'mpConsumption':0},{'name':'Attack','level':0,'accuracy':0,'mpConsumption':0},{'name':'Attack','level':0,'accuracy':0,'mpConsumption':0},{'name':'Attack','level':0,'accuracy':0,'mpConsumption':0},{'name':'Attack','level':0,'accuracy':0,'mpConsumption':0},{'name':'Attack','level':0,'accuracy':0,'mpConsumption':0},{'name':'Attack','level':0,'accuracy':0,'mpConsumption':0}]","[Poison]"
"Jelly",45,4,17,210,150,1,0,2,60,0,40,"[Air,Earth]","[Dimension,Mind,Lightning,Death,Body]","[Poison]","[Fire,Ice]","['name':'Attack','level':0,'accuracy':0,'mpConsumption':0},{'name':'Attack','level':0,'accuracy':0,'mpConsumption':0},{'name':'Attack','level':0,'accuracy':0,'mpConsumption':0},{'name':'Attack','level':0,'accuracy':0,'mpConsumption':0},{'name':'Attack','level':0,'accuracy':0,'mpConsumption':0},{'name':'Attack','level':0,'accuracy':0,'mpConsumption':0},{'name':'Attack','level':0,'accuracy':0,'mpConsumption':0},{'name':'Attack','level':0,'accuracy':0,'mpConsumption':0}]","[Envenom]"
"Mallow",100,45,25,210,100,2,0,2,65,0,50,"[Air,Earth]","[Dimension,Mind,Death,Poison,Body,Ice]","[Poison]","[Lightning]","['name':'Attack','level':0,'accuracy':0,'mpConsumption':0},{'name':'Attack','level':0,'accuracy':0,'mpConsumption':0},{'name':'Attack','level':0,'accuracy':0,'mpConsumption':0},{'name':'Attack','level':0,'accuracy':0,'mpConsumption':0},{'name':'Attack','level':0,'accuracy':0,'mpConsumption':0},{'name':'Attack','level':0,'accuracy':0,'mpConsumption':0},{'name':'Attack','level':0,'accuracy':0,'mpConsumption':0},{'name':'Attack','level':0,'accuracy':0,'mpConsumption':0}]","[Envenom]"
"Pudding",370,80,40,210,70,4,0,3,80,0,50,"[Air,Earth]","[Dimension,Mind,Lightning,Death,Poison,Body,Ice]","[Poison]","[Fire]","['name':'Attack','level':0,'accuracy':0,'mpConsumption':0},{'name':'Attack','level':0,'accuracy':0,'mpConsumption':0},{'name':'Attack','level':0,'accuracy':0,'mpConsumption':0},{'name':'Attack','level':0,'accuracy':0,'mpConsumption':0},{'name':'Attack','level':0,'accuracy':0,'mpConsumption':0},{'name':'Attack','level':0,'accuracy':0,'mpConsumption':0},{'name':'Attack','level':0,'accuracy':0,'mpConsumption':0},{'name':'Attack','level':0,'accuracy':0,'mpConsumption':0}]","[Envenom]"
"R.Soul",540,30,35,40,85,1,1,4,80,60,40,"[Air,Earth,Magic]","[]","[Dimension,Fire,Mind,Lightning,Death,Poison,Body,Ice]","[]","['name':'FIRE 8','level':0,'accuracy':0,'mpConsumption':0},{'name':'BOLT 8','level':0,'accuracy':0,'mpConsumption':0},{'name':'ICE 8','level':0,'accuracy':0,'mpConsumption':0},{'name':'AERO 8','level':0,'accuracy':0,'mpConsumption':0},{'name':'FIRE 8','level':0,'accuracy':0,'mpConsumption':0},{'name':'BOLT 8','level':0,'accuracy':0,'mpConsumption':0},{'name':'ICE 8','level':0,'accuracy':0,'mpConsumption':0},{'name':'AERO 8','level':0,'accuracy':0,'mpConsumption':0}]","[]"
"G.Soul",6,60,25,17,180,1,1,3,70,40,40,"[Air,Earth,Magic]","[]","[Dimension,Fire,Mind,Lightning,Death,Poison,Body,Ice]","[]","['name':'CURE 6','level':0,'accuracy':0,'mpConsumption':0},{'name':'CURE 6','level':0,'accuracy':0,'mpConsumption':0},{'name':'CURE 6','level':0,'accuracy':0,'mpConsumption':0},{'name':'CURE 6','level':0,'accuracy':0,'mpConsumption':0},{'name':'CURE 6','level':0,'accuracy':0,'mpConsumption':0},{'name':'CURE 6','level':0,'accuracy':0,'mpConsumption':0},{'name':'CURE 6','level':0,'accuracy':0,'mpConsumption':0},{'name':'CURE 6','level':0,'accuracy':0,'mpConsumption':0}]","[]"
"Soul",20,80,35,25,180,1,1,3,70,40,40,"[Air,Earth,Magic]","[]","[Dimension,Fire,Mind,Lightning,Death,Poison,Body,Ice]","[]","['name':'FIRE 5','level':0,'accuracy':0,'mpConsumption':0},{'name':'FIRE 5','level':0,'accuracy':0,'mpConsumption':0},{'name':'FIRE 5','level':0,'accuracy':0,'mpConsumption':0},{'name':'FIRE 5','level':0,'accuracy':0,'mpConsumption':0},{'name':'FIRE 5','level':0,'accuracy':0,'mpConsumption':0},{'name':'FIRE 5','level':0,'accuracy':0,'mpConsumption':0},{'name':'FIRE 5','level':0,'accuracy':0,'mpConsumption':0},{'name':'FIRE 5','level':0,'accuracy':0,'mpConsumption':0}]","[]"
"VmpGirl",540,100,40,50,50,5,1,4,80,60,40,"[Air,Earth,Magic,Undead]","[Dimension,Mind,Lightning,Death,Poison,Body,Ice]","[Death]","[Fire]","['name':'Wink 6','level':0,'accuracy':0,'mpConsumption':0},{'name':'Attack','level':0,'accuracy':0,'mpConsumption':0},{'name':'Attack','level':0,'accuracy':0,'mpConsumption':0},{'name':'Attack','level':0,'accuracy':0,'mpConsumption':0},{'name':'Attack','level':0,'accuracy':0,'mpConsumption':0},{'name':'Attack','level':0,'accuracy':0,'mpConsumption':0},{'name':'Attack','level':0,'accuracy':0,'mpConsumption':0},{'name':'Wink 6','level':0,'accuracy':0,'mpConsumption':0}]","[Drain HP]"
"VmpLady",1140,140,85,85,17,6,1,6,85,70,30,"[Air,Earth,Magic,Undead]","[Dimension,Mind,Lightning,Death,Poison,Body,Ice]","[Death]","[Fire]","['name':'Wink 9','level':0,'accuracy':0,'mpConsumption':0},{'name':'ICE 12','level':0,'accuracy':0,'mpConsumption':0},{'name':'Attack','level':0,'accuracy':0,'mpConsumption':0},{'name':'SLEP 16','level':0,'accuracy':0,'mpConsumption':0},{'name':'Attack','level':0,'accuracy':0,'mpConsumption':0},{'name':'Attack','level':0,'accuracy':0,'mpConsumption':0},{'name':'Attack','level':0,'accuracy':0,'mpConsumption':0},{'name':'Wink 9','level':0,'accuracy':0,'mpConsumption':0}]","[Drain HP]"
"Emperor_1",1290,190,70,50,0,6,1,4,80,65,40,"[]","[]","[]","[]","['name':'Attack','level':0,'accuracy':0,'mpConsumption':0},{'name':'Attack','level':0,'accuracy':0,'mpConsumption':0},{'name':'BOLT 10','level':0,'accuracy':0,'mpConsumption':0},{'name':'SLOW 9','level':0,'accuracy':0,'mpConsumption':0},{'name':'HAST 8','level':0,'accuracy':0,'mpConsumption':0},{'name':'Elixer 15','level':0,'accuracy':0,'mpConsumption':0},{'name':'BLNK 8','level':0,'accuracy':0,'mpConsumption':0},{'name':'BARR 8','level':0,'accuracy':0,'mpConsumption':0}]","[]"
"Shade",3000,240,120,120,0,8,1,8,100,80,30,"[Air,Earth,Magic,Undead]","[Dimension,Mind,Death,Poison,Body,Ice]","[Death]","[]","['name':'Attack','level':0,'accuracy':0,'mpConsumption':0},{'name':'Attack','level':0,'accuracy':0,'mpConsumption':0},{'name':'CURS 8','level':0,'accuracy':0,'mpConsumption':0},{'name':'DETH 8','level':0,'accuracy':0,'mpConsumption':0},{'name':'CURS 8','level':0,'accuracy':0,'mpConsumption':0},{'name':'DETH 8','level':0,'accuracy':0,'mpConsumption':0},{'name':'CURS 8','level':0,'accuracy':0,'mpConsumption':0},{'name':'DETH 8','level':0,'accuracy':0,'mpConsumption':0}]","[Curse]"
"Mantis",750,0,60,50,70,5,1,4,75,60,40,"[]","[]","[]","[Ice]","['name':'Attack','level':0,'accuracy':0,'mpConsumption':0},{'name':'Attack','level':0,'accuracy':0,'mpConsumption':0},{'name':'Attack','level':0,'accuracy':0,'mpConsumption':0},{'name':'Attack','level':0,'accuracy':0,'mpConsumption':0},{'name':'Attack','level':0,'accuracy':0,'mpConsumption':0},{'name':'Attack','level':0,'accuracy':0,'mpConsumption':0},{'name':'Attack','level':0,'accuracy':0,'mpConsumption':0},{'name':'Attack','level':0,'accuracy':0,'mpConsumption':0}]","[]"
"MantKing",1140,0,85,70,0,7,1,5,80,70,40,"[]","[]","[]","[Ice]","['name':'Attack','level':0,'accuracy':0,'mpConsumption':0},{'name':'Attack','level':0,'accuracy':0,'mpConsumption':0},{'name':'Attack','level':0,'accuracy':0,'mpConsumption':0},{'name':'Attack','level':0,'accuracy':0,'mpConsumption':0},{'name':'Attack','level':0,'accuracy':0,'mpConsumption':0},{'name':'Attack','level':0,'accuracy':0,'mpConsumption':0},{'name':'Attack','level':0,'accuracy':0,'mpConsumption':0},{'name':'Attack','level':0,'accuracy':0,'mpConsumption':0}]","[]"
"DvMantis",1290,370,85,85,0,8,1,5,85,75,70,"[Magic]","[Ice]","[Fire]","[]","['name':'FIRE 16','level':0,'accuracy':0,'mpConsumption':0},{'name':'Attack','level':0,'accuracy':0,'mpConsumption':0},{'name':'Attack','level':0,'accuracy':0,'mpConsumption':0},{'name':'Attack','level':0,'accuracy':0,'mpConsumption':0},{'name':'Attack','level':0,'accuracy':0,'mpConsumption':0},{'name':'Attack','level':0,'accuracy':0,'mpConsumption':0},{'name':'Attack','level':0,'accuracy':0,'mpConsumption':0},{'name':'FIRE 16','level':0,'accuracy':0,'mpConsumption':0}]","[Paralysis]"
"Corpse",870,0,60,60,0,6,1,6,75,65,30,"[]","[]","[]","[]","['name':'Attack','level':0,'accuracy':0,'mpConsumption':0},{'name':'Attack','level':0,'accuracy':0,'mpConsumption':0},{'name':'Attack','level':0,'accuracy':0,'mpConsumption':0},{'name':'Attack','level':0,'accuracy':0,'mpConsumption':0},{'name':'Attack','level':0,'accuracy':0,'mpConsumption':0},{'name':'Attack','level':0,'accuracy':0,'mpConsumption':0},{'name':'Attack','level':0,'accuracy':0,'mpConsumption':0},{'name':'Attack','level':0,'accuracy':0,'mpConsumption':0}]","[Envenom]"
"DkKnight",1140,0,85,85,0,7,1,5,80,70,40,"[]","[]","[]","[]","['name':'Attack','level':0,'accuracy':0,'mpConsumption':0},{'name':'Attack','level':0,'accuracy':0,'mpConsumption':0},{'name':'Attack','level':0,'accuracy':0,'mpConsumption':0},{'name':'Attack','level':0,'accuracy':0,'mpConsumption':0},{'name':'Attack','level':0,'accuracy':0,'mpConsumption':0},{'name':'Attack','level':0,'accuracy':0,'mpConsumption':0},{'name':'Attack','level':0,'accuracy':0,'mpConsumption':0},{'name':'Attack','level':0,'accuracy':0,'mpConsumption':0}]","[]"
"DthRider",1290,0,120,120,0,8,1,5,85,70,70,"[Magic]","[Mind,Body,Ice]","[Death]","[Fire]","['name':'Attack','level':0,'accuracy':0,'mpConsumption':0},{'name':'Attack','level':0,'accuracy':0,'mpConsumption':0},{'name':'Attack','level':0,'accuracy':0,'mpConsumption':0},{'name':'Attack','level':0,'accuracy':0,'mpConsumption':0},{'name':'Attack','level':0,'accuracy':0,'mpConsumption':0},{'name':'Attack','level':0,'accuracy':0,'mpConsumption':0},{'name':'Attack','level':0,'accuracy':0,'mpConsumption':0},{'name':'Attack','level':0,'accuracy':0,'mpConsumption':0}]","[Drain HP]"
"Golem",1620,0,100,120,0,6,1,14,95,50,100,"[Magic]","[Dimension,Mind,Death,Poison,Body,Ice]","[]","[Fire]","['name':'Attack','level':0,'accuracy':0,'mpConsumption':0},{'name':'Attack','level':0,'accuracy':0,'mpConsumption':0},{'name':'Attack','level':0,'accuracy':0,'mpConsumption':0},{'name':'Attack','level':0,'accuracy':0,'mpConsumption':0},{'name':'Attack','level':0,'accuracy':0,'mpConsumption':0},{'name':'Attack','level':0,'accuracy':0,'mpConsumption':0},{'name':'Attack','level':0,'accuracy':0,'mpConsumption':0},{'name':'Attack','level':0,'accuracy':0,'mpConsumption':0}]","[Sleep]"
"StGolem",1800,240,120,150,0,7,1,14,95,50,100,"[Magic]","[Dimension,Fire,Mind,Lightning,Death,Poison,Body,Ice]","[]","[Poison]","['name':'STOP 8','level':0,'accuracy':0,'mpConsumption':0},{'name':'Attack','level':0,'accuracy':0,'mpConsumption':0},{'name':'Attack','level':0,'accuracy':0,'mpConsumption':0},{'name':'Attack','level':0,'accuracy':0,'mpConsumption':0},{'name':'Attack','level':0,'accuracy':0,'mpConsumption':0},{'name':'Attack','level':0,'accuracy':0,'mpConsumption':0},{'name':'Attack','level':0,'accuracy':0,'mpConsumption':0},{'name':'STOP 8','level':0,'accuracy':0,'mpConsumption':0}]","[]"
"MtGolem",2000,0,150,180,0,8,1,14,95,50,100,"[Magic]","[Dimension,Fire,Mind,Lightning,Death,Poison,Body,Ice]","[]","[Lightning]","['name':'Attack','level':0,'accuracy':0,'mpConsumption':0},{'name':'Attack','level':0,'accuracy':0,'mpConsumption':0},{'name':'Attack','level':0,'accuracy':0,'mpConsumption':0},{'name':'Attack','level':0,'accuracy':0,'mpConsumption':0},{'name':'Attack','level':0,'accuracy':0,'mpConsumption':0},{'name':'Attack','level':0,'accuracy':0,'mpConsumption':0},{'name':'Attack','level':0,'accuracy':0,'mpConsumption':0},{'name':'Attack','level':0,'accuracy':0,'mpConsumption':0}]","[]"
"Goblin",6,0,4,0,180,1,0,1,50,0,50,"[Giant]","[]","[]","[]","['name':'Attack','level':0,'accuracy':0,'mpConsumption':0},{'name':'Attack','level':0,'accuracy':0,'mpConsumption':0},{'name':'Attack','level':0,'accuracy':0,'mpConsumption':0},{'name':'Attack','level':0,'accuracy':0,'mpConsumption':0},{'name':'Attack','level':0,'accuracy':0,'mpConsumption':0},{'name':'Attack','level':0,'accuracy':0,'mpConsumption':0},{'name':'Attack','level':0,'accuracy':0,'mpConsumption':0},{'name':'Attack','level':0,'accuracy':0,'mpConsumption':0}]","[]"
"G.Goblin",10,4,4,0,150,1,1,1,50,10,50,"[Giant]","[]","[]","[]","['name':'Bow 1','level':0,'accuracy':0,'mpConsumption':0},{'name':'Attack','level':0,'accuracy':0,'mpConsumption':0},{'name':'Attack','level':0,'accuracy':0,'mpConsumption':0},{'name':'Attack','level':0,'accuracy':0,'mpConsumption':0},{'name':'Attack','level':0,'accuracy':0,'mpConsumption':0},{'name':'Attack','level':0,'accuracy':0,'mpConsumption':0},{'name':'Attack','level':0,'accuracy':0,'mpConsumption':0},{'name':'Bow 1','level':0,'accuracy':0,'mpConsumption':0}]","[]"
"DesAngel",30,10,9,4,150,1,1,2,60,10,40,"[Giant]","[]","[]","[]","['name':'Bow 3','level':0,'accuracy':0,'mpConsumption':0},{'name':'SLEP 4','level':0,'accuracy':0,'mpConsumption':0},{'name':'Attack','level':0,'accuracy':0,'mpConsumption':0},{'name':'Attack','level':0,'accuracy':0,'mpConsumption':0},{'name':'SLEP 4','level':0,'accuracy':0,'mpConsumption':0},{'name':'Bow 3','level':0,'accuracy':0,'mpConsumption':0},{'name':'Attack','level':0,'accuracy':0,'mpConsumption':0},{'name':'Attack','level':0,'accuracy':0,'mpConsumption':0}]","[]"
"Balloon",20,10,9,0,150,1,0,1,50,0,50,"[Air]","[Mind,Body]","[]","[Fire,Lightning]","['name':'Blast 1','level':0,'accuracy':0,'mpConsumption':0},{'name':'Blast 1','level':0,'accuracy':0,'mpConsumption':0},{'name':'Attack','level':0,'accuracy':0,'mpConsumption':0},{'name':'Blast 1','level':0,'accuracy':0,'mpConsumption':0},{'name':'Blast 1','level':0,'accuracy':0,'mpConsumption':0},{'name':'Blast 1','level':0,'accuracy':0,'mpConsumption':0},{'name':'Blast 1','level':0,'accuracy':0,'mpConsumption':0},{'name':'Blast 1','level':0,'accuracy':0,'mpConsumption':0}]","[]"
"Grenade",60,10,25,17,150,1,0,2,65,0,50,"[Air]","[Mind,Body]","[]","[Fire,Lightning]","['name':'Blast 3','level':0,'accuracy':0,'mpConsumption':0},{'name':'Blast 3','level':0,'accuracy':0,'mpConsumption':0},{'name':'Attack','level':0,'accuracy':0,'mpConsumption':0},{'name':'Blast 3','level':0,'accuracy':0,'mpConsumption':0},{'name':'Blast 3','level':0,'accuracy':0,'mpConsumption':0},{'name':'Blast 3','level':0,'accuracy':0,'mpConsumption':0},{'name':'Blast 3','level':0,'accuracy':0,'mpConsumption':0},{'name':'Blast 3','level':0,'accuracy':0,'mpConsumption':0}]","[]"
"Mine",190,30,35,25,120,2,0,3,70,0,40,"[Air]","[Mind,Body]","[]","[Fire,Lightning]","['name':'Blast 5','level':0,'accuracy':0,'mpConsumption':0},{'name':'Blast 5','level':0,'accuracy':0,'mpConsumption':0},{'name':'Attack','level':0,'accuracy':0,'mpConsumption':0},{'name':'Blast 5','level':0,'accuracy':0,'mpConsumption':0},{'name':'Blast 5','level':0,'accuracy':0,'mpConsumption':0},{'name':'Blast 5','level':0,'accuracy':0,'mpConsumption':0},{'name':'Blast 5','level':0,'accuracy':0,'mpConsumption':0},{'name':'Blast 5','level':0,'accuracy':0,'mpConsumption':0}]","[]"
"Bomb",640,140,60,50,60,5,0,4,80,0,40,"[Air]","[Mind,Body]","[]","[Fire,Lightning]","['name':'Blast 7','level':0,'accuracy':0,'mpConsumption':0},{'name':'Blast 7','level':0,'accuracy':0,'mpConsumption':0},{'name':'Attack','level':0,'accuracy':0,'mpConsumption':0},{'name':'Blast 7','level':0,'accuracy':0,'mpConsumption':0},{'name':'Blast 7','level':0,'accuracy':0,'mpConsumption':0},{'name':'Blast 7','level':0,'accuracy':0,'mpConsumption':0},{'name':'Blast 7','level':0,'accuracy':0,'mpConsumption':0},{'name':'Blast 7','level':0,'accuracy':0,'mpConsumption':0}]","[]"
"Soldier",45,10,17,9,150,1,1,2,60,10,50,"[]","[]","[]","[]","['name':'Bow 1','level':0,'accuracy':0,'mpConsumption':0},{'name':'Attack','level':0,'accuracy':0,'mpConsumption':0},{'name':'Attack','level':0,'accuracy':0,'mpConsumption':0},{'name':'Attack','level':0,'accuracy':0,'mpConsumption':0},{'name':'Attack','level':0,'accuracy':0,'mpConsumption':0},{'name':'Attack','level':0,'accuracy':0,'mpConsumption':0},{'name':'Attack','level':0,'accuracy':0,'mpConsumption':0},{'name':'Bow 1','level':0,'accuracy':0,'mpConsumption':0}]","[]"
"Sargeant",140,10,35,25,120,2,1,3,70,30,50,"[]","[]","[]","[]","['name':'Bow 3','level':0,'accuracy':0,'mpConsumption':0},{'name':'Attack','level':0,'accuracy':0,'mpConsumption':0},{'name':'Attack','level':0,'accuracy':0,'mpConsumption':0},{'name':'Attack','level':0,'accuracy':0,'mpConsumption':0},{'name':'Attack','level':0,'accuracy':0,'mpConsumption':0},{'name':'Attack','level':0,'accuracy':0,'mpConsumption':0},{'name':'Attack','level':0,'accuracy':0,'mpConsumption':0},{'name':'Bow 3','level':0,'accuracy':0,'mpConsumption':0}]","[]"
"Captain",750,30,60,50,100,6,1,4,80,60,50,"[]","[]","[]","[]","['name':'Bow 3','level':0,'accuracy':0,'mpConsumption':0},{'name':'Attack','level':0,'accuracy':0,'mpConsumption':0},{'name':'Attack','level':0,'accuracy':0,'mpConsumption':0},{'name':'Attack','level':0,'accuracy':0,'mpConsumption':0},{'name':'Attack','level':0,'accuracy':0,'mpConsumption':0},{'name':'Attack','level':0,'accuracy':0,'mpConsumption':0},{'name':'Attack','level':0,'accuracy':0,'mpConsumption':0},{'name':'Bow 3','level':0,'accuracy':0,'mpConsumption':0}]","[]"
"General",1800,0,120,100,25,10,1,4,95,75,60,"[]","[]","[]","[]","['name':'Attack','level':0,'accuracy':0,'mpConsumption':0},{'name':'Attack','level':0,'accuracy':0,'mpConsumption':0},{'name':'Attack','level':0,'accuracy':0,'mpConsumption':0},{'name':'Attack','level':0,'accuracy':0,'mpConsumption':0},{'name':'Attack','level':0,'accuracy':0,'mpConsumption':0},{'name':'Attack','level':0,'accuracy':0,'mpConsumption':0},{'name':'Attack','level':0,'accuracy':0,'mpConsumption':0},{'name':'Attack','level':0,'accuracy':0,'mpConsumption':0}]","[]"
"Mage",80,30,17,9,120,1,1,3,65,40,60,"[Magic]","[]","[]","[]","['name':'FIRE 5','level':0,'accuracy':0,'mpConsumption':0},{'name':'ICE 5','level':0,'accuracy':0,'mpConsumption':0},{'name':'BOLT 5','level':0,'accuracy':0,'mpConsumption':0},{'name':'AERO 5','level':0,'accuracy':0,'mpConsumption':0},{'name':'BLND 4','level':0,'accuracy':0,'mpConsumption':0},{'name':'SLEP 4','level':0,'accuracy':0,'mpConsumption':0},{'name':'BSRK 3','level':0,'accuracy':0,'mpConsumption':0},{'name':'BSRK 3','level':0,'accuracy':0,'mpConsumption':0}]","[]"
"Sorcerer",140,60,25,17,70,1,1,3,70,50,60,"[Magic]","[]","[]","[]","['name':'DRAN 8','level':0,'accuracy':0,'mpConsumption':0},{'name':'FIRE 8','level':0,'accuracy':0,'mpConsumption':0},{'name':'ICE 8','level':0,'accuracy':0,'mpConsumption':0},{'name':'STON 6','level':0,'accuracy':0,'mpConsumption':0},{'name':'CHRM 6','level':0,'accuracy':0,'mpConsumption':0},{'name':'HAST 6','level':0,'accuracy':0,'mpConsumption':0},{'name':'CURS 6','level':0,'accuracy':0,'mpConsumption':0},{'name':'DETH 6','level':0,'accuracy':0,'mpConsumption':0}]","[]"
"Wizard",540,190,40,35,35,1,1,4,75,70,60,"[Magic]","[]","[]","[]","['name':'DRAN 8','level':0,'accuracy':0,'mpConsumption':0},{'name':'ASPL 8','level':0,'accuracy':0,'mpConsumption':0},{'name':'FLAR 10','level':0,'accuracy':0,'mpConsumption':0},{'name':'FIRE 11','level':0,'accuracy':0,'mpConsumption':0},{'name':'STOP 8','level':0,'accuracy':0,'mpConsumption':0},{'name':'TOAD 7','level':0,'accuracy':0,'mpConsumption':0},{'name':'BRAK 6','level':0,'accuracy':0,'mpConsumption':0},{'name':'XZON 7','level':0,'accuracy':0,'mpConsumption':0}]","[]"
"Panther",190,0,35,25,120,2,1,3,70,30,40,"[Were]","[Death,Body]","[]","[]","['name':'Attack','level':0,'accuracy':0,'mpConsumption':0},{'name':'Attack','level':0,'accuracy':0,'mpConsumption':0},{'name':'Attack','level':0,'accuracy':0,'mpConsumption':0},{'name':'Attack','level':0,'accuracy':0,'mpConsumption':0},{'name':'Attack','level':0,'accuracy':0,'mpConsumption':0},{'name':'Attack','level':0,'accuracy':0,'mpConsumption':0},{'name':'Attack','level':0,'accuracy':0,'mpConsumption':0},{'name':'Attack','level':0,'accuracy':0,'mpConsumption':0}]","[Envenom]"
"Krull",1000,300,40,60,9,7,1,5,75,70,40,"[]","[]","[]","[]","['name':'Attack','level':0,'accuracy':0,'mpConsumption':0},{'name':'Blast 10','level':0,'accuracy':0,'mpConsumption':0},{'name':'Blast 10','level':0,'accuracy':0,'mpConsumption':0},{'name':'Attack','level':0,'accuracy':0,'mpConsumption':0},{'name':'Attack','level':0,'accuracy':0,'mpConsumption':0},{'name':'Attack','level':0,'accuracy':0,'mpConsumption':0},{'name':'Attack','level':0,'accuracy':0,'mpConsumption':0},{'name':'Attack','level':0,'accuracy':0,'mpConsumption':0}]","[Death]"
"Lamia",1000,60,70,70,35,6,1,6,85,65,30,"[Magic]","[]","[]","[]","['name':'Wink 6','level':0,'accuracy':0,'mpConsumption':0},{'name':'Wink 6','level':0,'accuracy':0,'mpConsumption':0},{'name':'Attack','level':0,'accuracy':0,'mpConsumption':0},{'name':'Attack','level':0,'accuracy':0,'mpConsumption':0},{'name':'Attack','level':0,'accuracy':0,'mpConsumption':0},{'name':'Attack','level':0,'accuracy':0,'mpConsumption':0},{'name':'Attack','level':0,'accuracy':0,'mpConsumption':0},{'name':'BLNK 8','level':0,'accuracy':0,'mpConsumption':0}]","[Sleep]"
"Q.Lamia",1290,370,50,50,9,8,2,7,95,75,40,"[Magic]","[]","[]","[]","['name':'Wink 9','level':0,'accuracy':0,'mpConsumption':0},{'name':'Wink 9','level':0,'accuracy':0,'mpConsumption':0},{'name':'Attack','level':0,'accuracy':0,'mpConsumption':0},{'name':'Attack','level':0,'accuracy':0,'mpConsumption':0},{'name':'Attack','level':0,'accuracy':0,'mpConsumption':0},{'name':'Attack','level':0,'accuracy':0,'mpConsumption':0},{'name':'Attack','level':0,'accuracy':0,'mpConsumption':0},{'name':'BLNK 16','level':0,'accuracy':0,'mpConsumption':0}]","[Sleep]"
"Gigas",750,0,100,60,120,3,1,4,80,30,40,"[Giant]","[]","[]","[]","['name':'Attack','level':0,'accuracy':0,'mpConsumption':0},{'name':'Attack','level':0,'accuracy':0,'mpConsumption':0},{'name':'Attack','level':0,'accuracy':0,'mpConsumption':0},{'name':'Attack','level':0,'accuracy':0,'mpConsumption':0},{'name':'Attack','level':0,'accuracy':0,'mpConsumption':0},{'name':'Attack','level':0,'accuracy':0,'mpConsumption':0},{'name':'Attack','level':0,'accuracy':0,'mpConsumption':0},{'name':'Attack','level':0,'accuracy':0,'mpConsumption':0}]","[]"
"F.Gigas",1800,240,100,100,50,6,1,4,95,40,50,"[Giant]","[]","[Fire]","[Ice]","['name':'Rock 9','level':0,'accuracy':0,'mpConsumption':0},{'name':'FIRE 16','level':0,'accuracy':0,'mpConsumption':0},{'name':'Attack','level':0,'accuracy':0,'mpConsumption':0},{'name':'Rock 9','level':0,'accuracy':0,'mpConsumption':0},{'name':'FIRE 16','level':0,'accuracy':0,'mpConsumption':0},{'name':'Attack','level':0,'accuracy':0,'mpConsumption':0},{'name':'Attack','level':0,'accuracy':0,'mpConsumption':0},{'name':'Attack','level':0,'accuracy':0,'mpConsumption':0}]","[]"
"I.Gigas",2000,140,120,120,40,7,1,4,95,50,50,"[Giant]","[]","[Ice]","[Fire]","['name':'ICE 12','level':0,'accuracy':0,'mpConsumption':0},{'name':'ICE 12','level':0,'accuracy':0,'mpConsumption':0},{'name':'Attack','level':0,'accuracy':0,'mpConsumption':0},{'name':'Rock 9','level':0,'accuracy':0,'mpConsumption':0},{'name':'Rock 9','level':0,'accuracy':0,'mpConsumption':0},{'name':'Attack','level':0,'accuracy':0,'mpConsumption':0},{'name':'Attack','level':0,'accuracy':0,'mpConsumption':0},{'name':'Attack','level':0,'accuracy':0,'mpConsumption':0}]","[]"
"T.Gigas",2500,370,150,150,40,8,1,4,95,60,50,"[Giant]","[]","[Lightning]","[Poison]","['name':'BOLT 12','level':0,'accuracy':0,'mpConsumption':0},{'name':'BOLT 12','level':0,'accuracy':0,'mpConsumption':0},{'name':'Attack','level':0,'accuracy':0,'mpConsumption':0},{'name':'Rock 9','level':0,'accuracy':0,'mpConsumption':0},{'name':'Rock 9','level':0,'accuracy':0,'mpConsumption':0},{'name':'Attack','level':0,'accuracy':0,'mpConsumption':0},{'name':'Attack','level':0,'accuracy':0,'mpConsumption':0},{'name':'Attack','level':0,'accuracy':0,'mpConsumption':0}]","[]"
"Behemoth_1",1620,0,85,50,85,3,1,4,95,40,50,"[Earth]","[]","[]","[]","['name':'Attack','level':0,'accuracy':0,'mpConsumption':0},{'name':'Attack','level':0,'accuracy':0,'mpConsumption':0},{'name':'Attack','level':0,'accuracy':0,'mpConsumption':0},{'name':'Attack','level':0,'accuracy':0,'mpConsumption':0},{'name':'Attack','level':0,'accuracy':0,'mpConsumption':0},{'name':'Attack','level':0,'accuracy':0,'mpConsumption':0},{'name':'Attack','level':0,'accuracy':0,'mpConsumption':0},{'name':'Attack','level':0,'accuracy':0,'mpConsumption':0}]","[]"
"Behemoth_2",5000,0,150,120,0,8,1,8,100,50,30,"[Earth]","[]","[]","[]","['name':'Attack','level':0,'accuracy':0,'mpConsumption':0},{'name':'Attack','level':0,'accuracy':0,'mpConsumption':0},{'name':'Attack','level':0,'accuracy':0,'mpConsumption':0},{'name':'Attack','level':0,'accuracy':0,'mpConsumption':0},{'name':'Attack','level':0,'accuracy':0,'mpConsumption':0},{'name':'Attack','level':0,'accuracy':0,'mpConsumption':0},{'name':'Attack','level':0,'accuracy':0,'mpConsumption':0},{'name':'Attack','level':0,'accuracy':0,'mpConsumption':0}]","[]"
"Dragon",2500,140,150,120,0,6,1,5,95,75,50,"[Air,Dragon]","[]","[Ice]","[Fire]","['name':'ICE 16','level':0,'accuracy':0,'mpConsumption':0},{'name':'Attack','level':0,'accuracy':0,'mpConsumption':0},{'name':'Attack','level':0,'accuracy':0,'mpConsumption':0},{'name':'ICE 16','level':0,'accuracy':0,'mpConsumption':0},{'name':'Attack','level':0,'accuracy':0,'mpConsumption':0},{'name':'Attack','level':0,'accuracy':0,'mpConsumption':0},{'name':'Attack','level':0,'accuracy':0,'mpConsumption':0},{'name':'ICE 16','level':0,'accuracy':0,'mpConsumption':0}]","[]"
"G.Dragon",3000,190,150,150,0,7,1,8,100,75,40,"[Air,Dragon]","[]","[Poison]","[Lightning]","['name':'Mist 16','level':0,'accuracy':0,'mpConsumption':0},{'name':'Attack','level':0,'accuracy':0,'mpConsumption':0},{'name':'Attack','level':0,'accuracy':0,'mpConsumption':0},{'name':'Mist 16','level':0,'accuracy':0,'mpConsumption':0},{'name':'Attack','level':0,'accuracy':0,'mpConsumption':0},{'name':'Attack','level':0,'accuracy':0,'mpConsumption':0},{'name':'Attack','level':0,'accuracy':0,'mpConsumption':0},{'name':'Mist 16','level':0,'accuracy':0,'mpConsumption':0}]","[]"
"B.Dragon",3500,240,180,150,0,8,1,8,100,75,40,"[Air,Dragon]","[]","[Lightning]","[Poison]","['name':'BOLT 16','level':0,'accuracy':0,'mpConsumption':0},{'name':'Attack','level':0,'accuracy':0,'mpConsumption':0},{'name':'Attack','level':0,'accuracy':0,'mpConsumption':0},{'name':'BOLT 16','level':0,'accuracy':0,'mpConsumption':0},{'name':'Attack','level':0,'accuracy':0,'mpConsumption':0},{'name':'Attack','level':0,'accuracy':0,'mpConsumption':0},{'name':'Attack','level':0,'accuracy':0,'mpConsumption':0},{'name':'BOLT 16','level':0,'accuracy':0,'mpConsumption':0}]","[]"
"R.Dragon",5000,450,180,180,0,8,1,8,100,75,40,"[Air,Dragon]","[]","[Fire]","[Ice]","['name':'FIRE 16','level':0,'accuracy':0,'mpConsumption':0},{'name':'Attack','level':0,'accuracy':0,'mpConsumption':0},{'name':'Attack','level':0,'accuracy':0,'mpConsumption':0},{'name':'FIRE 16','level':0,'accuracy':0,'mpConsumption':0},{'name':'Attack','level':0,'accuracy':0,'mpConsumption':0},{'name':'Attack','level':0,'accuracy':0,'mpConsumption':0},{'name':'Attack','level':0,'accuracy':0,'mpConsumption':0},{'name':'FIRE 16','level':0,'accuracy':0,'mpConsumption':0}]","[]"
"Giant",3500,240,180,180,0,12,0,14,100,0,100,"[Magic]","[Dimension,Mind,Death,Body]","[Fire]","[Lightning,Ice]","['name':'Mist 16','level':0,'accuracy':0,'mpConsumption':0},{'name':'Attack','level':0,'accuracy':0,'mpConsumption':0},{'name':'Attack','level':0,'accuracy':0,'mpConsumption':0},{'name':'Mist 16','level':0,'accuracy':0,'mpConsumption':0},{'name':'Attack','level':0,'accuracy':0,'mpConsumption':0},{'name':'Attack','level':0,'accuracy':0,'mpConsumption':0},{'name':'Attack','level':0,'accuracy':0,'mpConsumption':0},{'name':'Mist 16','level':0,'accuracy':0,'mpConsumption':0}]","[]"
"Tiamat",5000,450,150,180,0,8,1,8,100,80,70,"[Air,Dragon]","[Mind]","[Fire,Lightning,Poison,Ice]","[Body]","['name':'FIRE 16','level':0,'accuracy':0,'mpConsumption':0},{'name':'ICE 16','level':0,'accuracy':0,'mpConsumption':0},{'name':'BOLT 16','level':0,'accuracy':0,'mpConsumption':0},{'name':'Mist 16','level':0,'accuracy':0,'mpConsumption':0},{'name':'Mist 16','level':0,'accuracy':0,'mpConsumption':0},{'name':'Attack','level':0,'accuracy':0,'mpConsumption':0},{'name':'Attack','level':0,'accuracy':0,'mpConsumption':0},{'name':'Attack','level':0,'accuracy':0,'mpConsumption':0}]","[Envenom]"
"Satan",5000,450,150,180,0,8,1,8,100,80,70,"[Air,Earth,Magic]","[Ice]","[Fire]","[]","['name':'FLAR 16','level':0,'accuracy':0,'mpConsumption':0},{'name':'FIRE 16','level':0,'accuracy':0,'mpConsumption':0},{'name':'Attack','level':0,'accuracy':0,'mpConsumption':0},{'name':'STON 16','level':0,'accuracy':0,'mpConsumption':0},{'name':'CHRM 16','level':0,'accuracy':0,'mpConsumption':0},{'name':'Attack','level':0,'accuracy':0,'mpConsumption':0},{'name':'BLNK 16','level':0,'accuracy':0,'mpConsumption':0},{'name':'DSPL 16','level':0,'accuracy':0,'mpConsumption':0}]","[Envenom]"
"Gotus_2",7000,540,150,180,0,8,1,8,100,80,70,"[Air,Earth,Magic]","[Fire,Lightning,Ice]","[]","[]","['name':'DRAN 16','level':0,'accuracy':0,'mpConsumption':0},{'name':'AERO 16','level':0,'accuracy':0,'mpConsumption':0},{'name':'FIRE 16','level':0,'accuracy':0,'mpConsumption':0},{'name':'Attack','level':0,'accuracy':0,'mpConsumption':0},{'name':'Attack','level':0,'accuracy':0,'mpConsumption':0},{'name':'BLN 16','level':0,'accuracy':0,'mpConsumption':0},{'name':'DETH 16','level':0,'accuracy':0,'mpConsumption':0},{'name':'Attack','level':0,'accuracy':0,'mpConsumption':0}]","[Drain HP]"
"Emperor_2",10000,540,180,210,0,8,1,16,100,80,70,"[Air,Earth]","[Dimension,Fire,Mind,Lightning,Death,Poison,Body,Ice]","[Dimension,Death]","[]","['name':'Attack','level':0,'accuracy':0,'mpConsumption':0},{'name':'Meteo 10','level':0,'accuracy':0,'mpConsumption':0},{'name':'FLAR 16','level':0,'accuracy':0,'mpConsumption':0},{'name':'Attack','level':0,'accuracy':0,'mpConsumption':0},{'name':'SLOW 16','level':0,'accuracy':0,'mpConsumption':0},{'name':'CURS 16','level':0,'accuracy':0,'mpConsumption':0},{'name':'DSPL 16','level':0,'accuracy':0,'mpConsumption':0},{'name':'BLND 16','level':0,'accuracy':0,'mpConsumption':0}]","[Drain HP]"
